"","collectDate.y","individualCount","totalSampledArea","targetTaxaPresent","adultCount","nymphCount","larvaCount","decimalLatitude","decimalLongitude","elevation","nlcdClass"
"41","2014-06-02T18:32Z",1,160,"Y",1,0,0,44.048783,-71.295353,399.5,"mixedForest"
"42","2015-08-10T21:07Z",1,165,"Y",0,1,0,44.048783,-71.295353,399.5,"mixedForest"
"43","2018-06-11T18:03Z",1,140,"Y",1,0,0,44.058948,-71.289336,291.7,"evergreenForest"
"69","2016-06-27T14:01Z",1,157,"Y",1,18,0,39.086223,-77.972729,169.1,"deciduousForest"
"101","2018-07-20T13:49Z",1,166,"Y",1,0,0,39.086223,-77.972729,169.1,"deciduousForest"
"117","2016-04-25T16:55Z",1,167,"Y",1,1,0,39.08272,-77.959589,135.1,"deciduousForest"
"131","2017-04-18T19:34Z",1,148,"Y",1,0,0,39.08272,-77.959589,135.1,"deciduousForest"
"133","2017-06-20T19:53Z",1,157,"Y",1,2,0,39.08272,-77.959589,135.1,"deciduousForest"
"137","2017-08-01T15:22Z",1,161,"Y",1,0,25,39.08272,-77.959589,135.1,"deciduousForest"
"165","2017-08-01T16:38Z",1,159,"Y",1,0,56,39.088728,-77.955494,125.9,"deciduousForest"
"170","2018-06-26T15:12Z",1,160,"Y",1,0,0,39.088728,-77.955494,125.9,"deciduousForest"
"174","2017-04-05T18:57Z",1,150,"Y",1,0,0,33.382288,-97.619783,305.5,"deciduousForest"
"175","2017-06-27T17:50Z",3,104,"Y",4,0,0,33.382288,-97.619783,305.5,"deciduousForest"
"176","2017-06-27T17:50Z",1,104,"Y",4,0,0,33.382288,-97.619783,305.5,"deciduousForest"
"177","2017-08-08T18:08Z",2,117,"Y",2,0,0,33.382288,-97.619783,305.5,"deciduousForest"
"178","2018-06-21T15:46Z",1,149,"Y",1,0,0,33.382288,-97.619783,305.5,"deciduousForest"
"180","2017-04-27T18:18Z",1,190,"Y",1,0,0,33.377571,-97.647238,328.9,"deciduousForest"
"181","2017-06-06T14:51Z",1,175,"Y",1,0,0,33.377571,-97.647238,328.9,"deciduousForest"
"182","2018-05-31T14:00Z",1,140,"Y",1,0,0,33.377571,-97.647238,328.9,"deciduousForest"
"183","2018-08-23T15:34Z",1,114,"Y",1,0,0,33.377571,-97.647238,328.9,"deciduousForest"
"184","2016-08-25T15:35Z",1,162,"Y",1,0,0,33.410406,-97.593713,285.9,"deciduousForest"
"186","2017-06-07T19:34Z",2,160,"Y",2,0,0,47.209008,-99.165875,575.5,"grasslandHerbaceous"
"187","2017-06-29T18:30Z",1,160,"Y",1,0,0,47.209008,-99.165875,575.5,"grasslandHerbaceous"
"188","2018-05-16T13:55Z",4,160,"Y",12,0,0,47.209008,-99.165875,575.5,"grasslandHerbaceous"
"189","2018-05-16T13:55Z",8,160,"Y",12,0,0,47.209008,-99.165875,575.5,"grasslandHerbaceous"
"190","2018-06-06T17:52Z",2,160,"Y",7,0,0,47.209008,-99.165875,575.5,"grasslandHerbaceous"
"191","2018-06-06T17:52Z",5,160,"Y",7,0,0,47.209008,-99.165875,575.5,"grasslandHerbaceous"
"192","2018-06-27T17:50Z",3,160,"Y",6,0,0,47.209008,-99.165875,575.5,"grasslandHerbaceous"
"193","2018-06-27T17:50Z",3,160,"Y",6,0,0,47.209008,-99.165875,575.5,"grasslandHerbaceous"
"194","2018-07-18T19:27Z",1,160,"Y",1,0,0,47.209008,-99.165875,575.5,"grasslandHerbaceous"
"195","2018-05-16T15:37Z",3,160,"Y",5,3,0,47.207478,-99.183538,591.2,"grasslandHerbaceous"
"196","2018-05-16T15:37Z",5,160,"Y",5,3,0,47.207478,-99.183538,591.2,"grasslandHerbaceous"
"197","2018-06-06T17:17Z",1,160,"Y",4,0,0,47.207478,-99.183538,591.2,"grasslandHerbaceous"
"198","2018-06-06T17:17Z",3,160,"Y",4,0,0,47.207478,-99.183538,591.2,"grasslandHerbaceous"
"199","2018-06-27T19:02Z",1,160,"Y",5,0,0,47.207478,-99.183538,591.2,"grasslandHerbaceous"
"200","2018-06-27T19:02Z",4,160,"Y",5,0,0,47.207478,-99.183538,591.2,"grasslandHerbaceous"
"201","2017-06-07T15:00Z",1,160,"Y",1,0,0,47.171933,-99.053166,505,"grasslandHerbaceous"
"202","2018-05-16T14:17Z",1,160,"Y",1,0,0,47.171933,-99.053166,505,"grasslandHerbaceous"
"203","2017-06-07T18:01Z",1,162,"Y",2,0,0,47.199469,-99.166739,564.6,"grasslandHerbaceous"
"204","2017-06-07T18:01Z",1,162,"Y",2,0,0,47.199469,-99.166739,564.6,"grasslandHerbaceous"
"205","2017-06-29T17:05Z",1,160,"Y",1,0,0,47.199469,-99.166739,564.6,"grasslandHerbaceous"
"206","2018-05-16T16:42Z",1,160,"Y",2,0,0,47.199469,-99.166739,564.6,"grasslandHerbaceous"
"207","2018-05-16T16:42Z",1,160,"Y",2,0,0,47.199469,-99.166739,564.6,"grasslandHerbaceous"
"208","2018-06-06T16:12Z",1,160,"Y",2,0,0,47.199469,-99.166739,564.6,"grasslandHerbaceous"
"209","2018-06-06T16:12Z",1,160,"Y",2,0,0,47.199469,-99.166739,564.6,"grasslandHerbaceous"
"210","2018-06-27T19:52Z",1,160,"Y",2,0,0,47.199469,-99.166739,564.6,"grasslandHerbaceous"
"211","2018-06-27T19:52Z",1,160,"Y",2,0,0,47.199469,-99.166739,564.6,"grasslandHerbaceous"
"212","2018-08-08T17:34Z",1,160,"Y",1,0,0,47.199469,-99.166739,564.6,"grasslandHerbaceous"
"213","2017-06-07T16:14Z",1,163,"Y",1,0,0,47.162946,-99.113801,567.7,"grasslandHerbaceous"
"214","2017-06-29T15:17Z",2,160,"Y",2,0,0,47.162946,-99.113801,567.7,"grasslandHerbaceous"
"215","2018-05-16T15:46Z",2,160,"Y",3,0,0,47.162946,-99.113801,567.7,"grasslandHerbaceous"
"216","2018-05-16T15:46Z",1,160,"Y",3,0,0,47.162946,-99.113801,567.7,"grasslandHerbaceous"
"217","2018-06-27T16:22Z",1,160,"Y",1,0,0,47.162946,-99.113801,567.7,"grasslandHerbaceous"
"218","2017-06-07T20:29Z",1,160,"Y",2,0,0,47.209874,-99.173926,578.4,"grasslandHerbaceous"
"219","2017-06-07T20:29Z",1,160,"Y",2,0,0,47.209874,-99.173926,578.4,"grasslandHerbaceous"
"220","2017-07-20T17:32Z",1,160,"Y",5,0,0,47.209874,-99.173926,578.4,"grasslandHerbaceous"
"221","2017-07-20T17:32Z",4,160,"Y",5,0,0,47.209874,-99.173926,578.4,"grasslandHerbaceous"
"222","2018-05-16T14:47Z",4,160,"Y",6,3,0,47.209874,-99.173926,578.4,"grasslandHerbaceous"
"223","2018-05-16T14:47Z",4,160,"Y",6,3,0,47.209874,-99.173926,578.4,"grasslandHerbaceous"
"224","2018-06-06T18:24Z",1,160,"Y",5,0,0,47.209874,-99.173926,578.4,"grasslandHerbaceous"
"225","2018-06-06T18:24Z",4,160,"Y",5,0,0,47.209874,-99.173926,578.4,"grasslandHerbaceous"
"226","2018-06-27T18:26Z",4,160,"Y",3,2,0,47.209874,-99.173926,578.4,"grasslandHerbaceous"
"227","2018-06-27T18:26Z",1,160,"Y",3,2,0,47.209874,-99.173926,578.4,"grasslandHerbaceous"
"228","2018-07-18T18:48Z",1,170,"Y",1,0,0,47.209874,-99.173926,578.4,"grasslandHerbaceous"
"229","2018-08-08T16:22Z",1,160,"Y",1,0,0,47.209874,-99.173926,578.4,"grasslandHerbaceous"
"250","2015-07-15T15:26Z",1,168,"Y",1,0,NA,32.538884,-87.814145,24.5,"woodyWetlands"
"NA",NA,NA,NA,NA,NA,NA,NA,NA,NA,NA,NA
"NA.1",NA,NA,NA,NA,NA,NA,NA,NA,NA,NA,NA
"269","2016-08-22T20:54Z",1,145,"Y",4,0,0,28.098062,-81.418561,20.3,"woodyWetlands"
"270","2017-05-23T17:56Z",1,160,"Y",1,0,0,28.040497,-81.394482,16.6,"woodyWetlands"
"275","2017-04-12T16:36Z",1,162,"Y",1,0,0,35.688959,-83.535562,441.9,"deciduousForest"
"276","2017-06-14T14:47Z",1,165,"Y",1,0,0,35.679072,-83.643678,533.6,"deciduousForest"
"277","2018-07-04T13:42Z",1,160,"Y",1,0,0,35.679072,-83.643678,533.6,"deciduousForest"
"278","2016-06-09T20:09Z",1,160,"Y",1,0,0,35.669242,-83.524579,510.4,"deciduousForest"
"NA.2",NA,NA,NA,NA,NA,NA,NA,NA,NA,NA,NA
"281","2017-07-03T14:37Z",1,160,"Y",1,0,0,35.669242,-83.524579,510.4,"deciduousForest"
"282","2018-05-17T15:41Z",1,160,"Y",1,0,0,35.729089,-83.408061,448.3,"deciduousForest"
"297","2017-06-22T15:53Z",1,160,"Y",1,12,0,42.424227,-72.260097,201.1,"deciduousForest"
"300","2017-07-10T16:30Z",1,160,"Y",1,9,0,42.424227,-72.260097,201.1,"deciduousForest"
"307","2018-05-14T18:39Z",1,165,"Y",1,0,0,42.424227,-72.260097,201.1,"deciduousForest"
"309","2018-06-06T17:48Z",2,165,"Y",3,1,1,42.424227,-72.260097,201.1,"deciduousForest"
"311","2018-06-06T17:48Z",1,165,"Y",3,1,1,42.424227,-72.260097,201.1,"deciduousForest"
"319","2018-05-16T19:26Z",1,160,"Y",3,0,0,42.477246,-72.259443,183.2,"deciduousForest"
"320","2018-05-16T19:26Z",1,160,"Y",3,0,0,42.477246,-72.259443,183.2,"deciduousForest"
"323","2018-06-07T13:54Z",1,160,"Y",8,0,0,42.477246,-72.259443,183.2,"deciduousForest"
"324","2018-06-07T13:54Z",1,160,"Y",8,0,0,42.477246,-72.259443,183.2,"deciduousForest"
"330","2018-07-16T13:13Z",2,160,"Y",1,7,1,42.477246,-72.259443,183.2,"deciduousForest"
"332","2018-07-16T13:13Z",1,160,"Y",1,7,1,42.477246,-72.259443,183.2,"deciduousForest"
"334","2018-08-08T18:49Z",1,160,"Y",1,0,0,42.477246,-72.259443,183.2,"deciduousForest"
"346","2014-09-24T16:08Z",1,162,"Y",4,1,53,42.426878,-72.227943,185.9,"mixedForest"
"365","2017-05-09T14:58Z",2,160,"Y",5,1,0,42.426878,-72.227943,185.9,"mixedForest"
"366","2017-05-09T14:58Z",1,160,"Y",5,1,0,42.426878,-72.227943,185.9,"mixedForest"
"369","2017-06-22T17:32Z",1,160,"Y",1,6,0,42.426878,-72.227943,185.9,"mixedForest"
"372","2017-07-10T17:40Z",1,160,"Y",1,6,0,42.426878,-72.227943,185.9,"mixedForest"
"373","2017-07-31T16:05Z",1,160,"Y",1,2,0,42.426878,-72.227943,185.9,"mixedForest"
"379","2018-05-15T15:14Z",2,160,"Y",3,0,0,42.426878,-72.227943,185.9,"mixedForest"
"380","2018-05-15T15:14Z",1,160,"Y",3,0,0,42.426878,-72.227943,185.9,"mixedForest"
"381","2018-06-06T19:06Z",2,164,"Y",2,0,0,42.426878,-72.227943,185.9,"mixedForest"
"382","2018-06-26T15:17Z",1,159,"Y",1,1,0,42.426878,-72.227943,185.9,"mixedForest"
"385","2018-07-16T17:55Z",1,160,"Y",1,2,0,42.426878,-72.227943,185.9,"mixedForest"
"403","2017-07-10T14:00Z",1,160,"Y",1,2,0,42.401938,-72.252716,190.4,"deciduousForest"
"409","2018-04-23T18:09Z",1,160,"Y",2,0,0,42.401938,-72.252716,190.4,"deciduousForest"
"410","2018-05-14T16:55Z",1,160,"Y",2,0,0,42.401938,-72.252716,190.4,"deciduousForest"
"415","2018-06-06T15:15Z",1,170,"Y",3,2,3,42.401938,-72.252716,190.4,"deciduousForest"
"416","2018-06-06T15:15Z",1,170,"Y",3,2,3,42.401938,-72.252716,190.4,"deciduousForest"
"419","2018-07-16T16:11Z",1,160,"Y",2,0,0,42.401938,-72.252716,190.4,"deciduousForest"
"442","2017-05-09T13:29Z",1,145,"Y",3,1,0,42.438157,-72.228923,228.3,"woodyWetlands"
"443","2017-05-09T13:29Z",2,145,"Y",3,1,0,42.438157,-72.228923,228.3,"woodyWetlands"
"444","2017-06-02T13:32Z",2,155,"Y",2,0,0,42.438157,-72.228923,228.3,"woodyWetlands"
"445","2017-06-22T18:41Z",2,143,"Y",4,2,0,42.438157,-72.228923,228.3,"woodyWetlands"
"446","2017-06-22T18:41Z",2,143,"Y",4,2,0,42.438157,-72.228923,228.3,"woodyWetlands"
"448","2017-07-10T06:42Z",2,150,"Y",2,3,0,42.438157,-72.228923,228.3,"woodyWetlands"
"450","2017-07-31T15:07Z",2,149,"Y",2,3,0,42.438157,-72.228923,228.3,"woodyWetlands"
"461","2014-07-17T13:21Z",2,165,"Y",0,11,0,42.435462,-72.199291,186.3,"evergreenForest"
"475","2017-06-02T14:40Z",1,160,"Y",1,0,2,42.435462,-72.199291,186.3,"evergreenForest"
"478","2017-06-22T14:18Z",1,160,"Y",1,6,0,42.435462,-72.199291,186.3,"evergreenForest"
"488","2018-06-06T13:11Z",1,165,"Y",3,9,34,42.435462,-72.199291,186.3,"evergreenForest"
"498","2018-08-28T12:38Z",2,160,"Y",2,2,231,42.435462,-72.199291,186.3,"evergreenForest"
"526","2017-05-08T17:48Z",1,160,"Y",2,1,0,42.412068,-72.246529,185.7,"evergreenForest"
"527","2017-05-08T17:48Z",1,160,"Y",2,1,0,42.412068,-72.246529,185.7,"evergreenForest"
"528","2017-05-30T15:46Z",1,165,"Y",3,0,0,42.412068,-72.246529,185.7,"evergreenForest"
"531","2017-06-20T17:16Z",1,160,"Y",1,0,0,42.412068,-72.246529,185.7,"evergreenForest"
"540","2018-05-14T17:44Z",1,170,"Y",2,0,0,42.412068,-72.246529,185.7,"evergreenForest"
"543","2018-06-27T19:23Z",3,160,"Y",4,2,0,42.412068,-72.246529,185.7,"evergreenForest"
"546","2018-06-27T19:23Z",1,160,"Y",4,2,0,42.412068,-72.246529,185.7,"evergreenForest"
"548","2018-07-16T17:01Z",1,160,"Y",1,3,0,42.412068,-72.246529,185.7,"evergreenForest"
"549","2018-08-07T14:07Z",1,160,"Y",1,0,0,42.412068,-72.246529,185.7,"evergreenForest"
"NA.3",NA,NA,NA,NA,NA,NA,NA,NA,NA,NA,NA
"563","2017-07-03T18:29Z",1,160,"Y",1,2,0,39.211742,-96.590109,327.1,"cultivatedCrops"
"567","2016-06-16T15:55Z",1,160,"Y",1,3,0,39.074114,-96.557107,423.7,"grasslandHerbaceous"
"576","2018-09-14T15:26Z",1,160,"Y",1,0,0,39.074114,-96.557107,423.7,"grasslandHerbaceous"
"577","2016-04-14T13:22Z",1,160,"Y",1,0,0,39.118977,-96.547146,394.4,"grasslandHerbaceous"
"582","2016-07-07T07:00Z",3,160,"Y",3,0,0,39.118977,-96.547146,394.4,"grasslandHerbaceous"
"584","2016-07-28T14:02Z",1,160,"Y",1,4,0,39.118977,-96.547146,394.4,"grasslandHerbaceous"
"588","2017-04-17T15:00Z",1,160,"Y",1,0,0,39.118977,-96.547146,394.4,"grasslandHerbaceous"
"592","2017-07-10T14:55Z",1,160,"Y",1,0,0,39.118977,-96.547146,394.4,"grasslandHerbaceous"
"605","2017-07-10T16:05Z",1,160,"Y",1,0,0,39.109647,-96.55137,371.9,"grasslandHerbaceous"
"609","2018-05-08T14:05Z",1,160,"Y",1,0,0,39.109647,-96.55137,371.9,"grasslandHerbaceous"
"611","2018-06-19T14:30Z",1,160,"Y",1,0,0,39.109647,-96.55137,371.9,"grasslandHerbaceous"
"613","2016-07-28T15:51Z",1,160,"Y",1,0,0,39.087937,-96.545919,434,"grasslandHerbaceous"
"614","2017-04-17T16:35Z",1,160,"Y",1,0,0,39.087937,-96.545919,434,"grasslandHerbaceous"
"615","2017-05-09T16:31Z",2,160,"Y",2,0,0,39.087937,-96.545919,434,"grasslandHerbaceous"
"619","2017-08-01T17:43Z",1,160,"Y",1,1,0,39.087937,-96.545919,434,"grasslandHerbaceous"
"621","2017-08-21T16:54Z",1,160,"Y",1,0,1,39.087937,-96.545919,434,"grasslandHerbaceous"
"625","2018-07-10T12:53Z",1,160,"Y",1,0,0,39.107902,-96.584438,391.9,"grasslandHerbaceous"
"650","2016-07-28T18:28Z",1,160,"Y",2,11,532,39.103714,-96.597832,337.3,"deciduousForest"
"654","2016-07-28T18:28Z",1,160,"Y",2,11,532,39.103714,-96.597832,337.3,"deciduousForest"
"656","2016-08-18T18:05Z",1,80,"Y",1,3,976,39.103714,-96.597832,337.3,"deciduousForest"
"NA.4",NA,NA,NA,NA,NA,NA,NA,NA,NA,NA,NA
"663","2017-05-09T18:11Z",1,160,"Y",12,18,0,39.103714,-96.597832,337.3,"deciduousForest"
"667","2017-05-09T18:11Z",1,160,"Y",12,18,0,39.103714,-96.597832,337.3,"deciduousForest"
"668","2017-06-20T19:44Z",1,160,"Y",7,8,0,39.103714,-96.597832,337.3,"deciduousForest"
"675","2017-08-01T20:36Z",1,160,"Y",1,2,63,39.103714,-96.597832,337.3,"deciduousForest"
"682","2018-05-08T17:39Z",2,160,"Y",4,24,0,39.103714,-96.597832,337.3,"deciduousForest"
"690","2018-06-22T14:18Z",1,160,"Y",3,5,0,39.103714,-96.597832,337.3,"deciduousForest"
"692","2018-07-10T13:38Z",1,160,"Y",1,6,0,39.103714,-96.597832,337.3,"deciduousForest"
"695","2018-08-01T16:07Z",1,160,"Y",1,9,330,39.103714,-96.597832,337.3,"deciduousForest"
"696","2018-08-21T14:49Z",2,160,"Y",2,2,2084,39.103714,-96.597832,337.3,"deciduousForest"
"746","2017-07-10T14:08Z",1,142,"Y",1,0,0,31.822376,-88.181956,12.5,"woodyWetlands"
"808","2017-05-15T16:54Z",1,167,"Y",1,0,0,46.804811,-100.916048,530.7,"grasslandHerbaceous"
"809","2017-06-21T16:15Z",2,160,"Y",4,0,0,46.804811,-100.916048,530.7,"grasslandHerbaceous"
"810","2017-06-21T16:15Z",2,160,"Y",4,0,0,46.804811,-100.916048,530.7,"grasslandHerbaceous"
"811","2016-06-08T17:16Z",2,160,"Y",3,0,0,46.79746,-100.910668,544.6,"grasslandHerbaceous"
"812","2016-06-08T17:16Z",1,160,"Y",3,0,0,46.79746,-100.910668,544.6,"grasslandHerbaceous"
"813","2017-05-10T17:26Z",2,160,"Y",2,0,0,46.79746,-100.910668,544.6,"grasslandHerbaceous"
"814","2017-06-21T17:00Z",2,160,"Y",2,0,0,46.79746,-100.910668,544.6,"grasslandHerbaceous"
"815","2017-07-12T18:05Z",1,160,"Y",1,0,0,46.79746,-100.910668,544.6,"grasslandHerbaceous"
"816","2018-07-23T18:46Z",1,160,"Y",1,0,0,46.79746,-100.910668,544.6,"grasslandHerbaceous"
"817","2017-06-21T18:03Z",1,160,"Y",1,0,0,46.787576,-100.91683,564.6,"grasslandHerbaceous"
"818","2017-08-04T18:16Z",1,160,"Y",1,0,0,46.787576,-100.91683,564.6,"grasslandHerbaceous"
"819","2018-05-23T18:31Z",1,160,"Y",1,0,0,46.787576,-100.91683,564.6,"grasslandHerbaceous"
"820","2018-07-04T20:25Z",1,160,"Y",1,0,0,46.768522,-100.918874,588.6,"grasslandHerbaceous"
"821","2018-05-23T20:26Z",1,160,"Y",1,0,0,46.813251,-100.903783,527.7,"grasslandHerbaceous"
"822","2018-06-13T19:43Z",1,160,"Y",1,0,0,46.813251,-100.903783,527.7,"grasslandHerbaceous"
"823","2018-07-23T21:06Z",1,165,"Y",1,0,0,46.7835,-100.905977,562,"grasslandHerbaceous"
"824","2016-07-19T15:21Z",1,175,"Y",1,0,0,35.412134,-99.068027,512.2,"grasslandHerbaceous"
"825","2017-04-03T22:40Z",1,170,"Y",1,0,0,35.412134,-99.068027,512.2,"grasslandHerbaceous"
"826","2017-04-18T16:35Z",2,175,"Y",2,0,0,35.412134,-99.068027,512.2,"grasslandHerbaceous"
"827","2017-05-30T21:09Z",1,160,"Y",1,0,0,35.412134,-99.068027,512.2,"grasslandHerbaceous"
"828","2017-06-20T15:16Z",1,171,"Y",1,0,0,35.412134,-99.068027,512.2,"grasslandHerbaceous"
"829","2017-07-11T16:20Z",1,158,"Y",1,0,0,35.412134,-99.068027,512.2,"grasslandHerbaceous"
"830","2018-04-24T15:57Z",2,160,"Y",2,0,0,35.412134,-99.068027,512.2,"grasslandHerbaceous"
"831","2018-08-07T14:29Z",1,142,"Y",1,0,0,35.412134,-99.068027,512.2,"grasslandHerbaceous"
"832","2016-03-16T19:32Z",1,160,"Y",2,0,0,35.411159,-99.084234,507.6,"grasslandHerbaceous"
"833","2016-03-16T19:32Z",1,160,"Y",2,0,0,35.411159,-99.084234,507.6,"grasslandHerbaceous"
"834","2016-04-26T21:31Z",1,160,"Y",2,0,0,35.411159,-99.084234,507.6,"grasslandHerbaceous"
"835","2016-04-26T21:31Z",1,160,"Y",2,0,0,35.411159,-99.084234,507.6,"grasslandHerbaceous"
"836","2016-05-24T14:39Z",1,161,"Y",1,0,0,35.411159,-99.084234,507.6,"grasslandHerbaceous"
"837","2016-06-07T16:30Z",1,160,"Y",1,0,0,35.411159,-99.084234,507.6,"grasslandHerbaceous"
"838","2017-04-04T00:05Z",2,160,"Y",2,0,0,35.411159,-99.084234,507.6,"grasslandHerbaceous"
"839","2017-04-18T17:40Z",3,160,"Y",4,0,0,35.411159,-99.084234,507.6,"grasslandHerbaceous"
"840","2017-04-18T17:40Z",3,160,"Y",4,0,0,35.411159,-99.084234,507.6,"grasslandHerbaceous"
"841","2017-05-09T17:03Z",1,160,"Y",1,0,0,35.411159,-99.084234,507.6,"grasslandHerbaceous"
"842","2017-07-11T14:45Z",1,160,"Y",1,0,0,35.411159,-99.084234,507.6,"grasslandHerbaceous"
"843","2017-08-08T13:40Z",1,160,"Y",1,0,0,35.411159,-99.084234,507.6,"grasslandHerbaceous"
"844","2018-04-24T17:05Z",2,160,"Y",5,0,0,35.411159,-99.084234,507.6,"grasslandHerbaceous"
"845","2018-04-24T17:05Z",3,160,"Y",5,0,0,35.411159,-99.084234,507.6,"grasslandHerbaceous"
"846","2018-05-15T21:27Z",2,160,"Y",2,0,0,35.411159,-99.084234,507.6,"grasslandHerbaceous"
"847","2018-06-05T15:26Z",1,160,"Y",1,0,0,35.411159,-99.084234,507.6,"grasslandHerbaceous"
"849","2018-06-26T13:23Z",1,160,"Y",2,0,0,35.411159,-99.084234,507.6,"grasslandHerbaceous"
"850","2018-07-17T15:02Z",1,160,"Y",0,1,0,35.411159,-99.084234,507.6,"grasslandHerbaceous"
"851","2018-08-07T15:50Z",1,148,"Y",1,0,0,35.411159,-99.084234,507.6,"grasslandHerbaceous"
"852","2016-07-19T12:40Z",1,160,"Y",1,0,0,35.402926,-99.080346,509.4,"grasslandHerbaceous"
"854","2017-04-03T23:24Z",1,160,"Y",1,0,0,35.402926,-99.080346,509.4,"grasslandHerbaceous"
"855","2017-07-11T13:55Z",1,160,"Y",1,0,0,35.402926,-99.080346,509.4,"grasslandHerbaceous"
"856","2018-04-24T17:41Z",1,160,"Y",1,0,0,35.402926,-99.080346,509.4,"grasslandHerbaceous"
"857","2018-05-15T20:53Z",1,160,"Y",1,0,0,35.402926,-99.080346,509.4,"grasslandHerbaceous"
"858","2018-06-05T16:04Z",1,160,"Y",3,0,0,35.402926,-99.080346,509.4,"grasslandHerbaceous"
"859","2018-06-05T16:04Z",2,160,"Y",3,0,0,35.402926,-99.080346,509.4,"grasslandHerbaceous"
"860","2018-06-26T12:16Z",1,155,"Y",1,0,0,35.402926,-99.080346,509.4,"grasslandHerbaceous"
"862","2016-06-07T14:12Z",1,160,"Y",1,0,0,35.421328,-99.05721,521.6,"shrubScrub"
"863","2016-08-09T16:16Z",1,164,"Y",1,0,0,35.421328,-99.05721,521.6,"shrubScrub"
"864","2017-04-18T15:50Z",1,150,"Y",1,0,0,35.421328,-99.05721,521.6,"shrubScrub"
"865","2017-05-30T20:21Z",1,160,"Y",1,0,0,35.421328,-99.05721,521.6,"shrubScrub"
"868","2017-08-28T20:51Z",1,160,"Y",1,0,0,35.421328,-99.05721,521.6,"shrubScrub"
"869","2018-04-24T15:19Z",1,160,"Y",2,0,0,35.421328,-99.05721,521.6,"shrubScrub"
"870","2018-04-24T15:19Z",1,160,"Y",2,0,0,35.421328,-99.05721,521.6,"shrubScrub"
"871","2018-06-05T13:26Z",1,160,"Y",1,1,0,35.421328,-99.05721,521.6,"shrubScrub"
"873","2018-06-26T17:07Z",2,155,"Y",2,0,0,35.421328,-99.05721,521.6,"shrubScrub"
"875","2016-08-09T14:39Z",1,160,"Y",1,0,0,35.394019,-99.063159,492.6,"grasslandHerbaceous"
"876","2017-04-03T20:27Z",1,150,"Y",1,0,0,35.394019,-99.063159,492.6,"grasslandHerbaceous"
"877","2017-04-18T15:00Z",2,150,"Y",2,0,0,35.394019,-99.063159,492.6,"grasslandHerbaceous"
"878","2017-05-30T19:42Z",1,160,"Y",1,0,0,35.394019,-99.063159,492.6,"grasslandHerbaceous"
"879","2017-06-20T14:00Z",1,160,"Y",1,0,0,35.394019,-99.063159,492.6,"grasslandHerbaceous"
"880","2017-08-08T16:14Z",1,160,"Y",1,0,0,35.394019,-99.063159,492.6,"grasslandHerbaceous"
"881","2018-04-24T18:08Z",6,160,"Y",13,0,0,35.394019,-99.063159,492.6,"grasslandHerbaceous"
"882","2018-04-24T18:08Z",7,160,"Y",13,0,0,35.394019,-99.063159,492.6,"grasslandHerbaceous"
"884","2018-05-15T23:54Z",3,160,"Y",4,0,0,35.394019,-99.063159,492.6,"grasslandHerbaceous"
"886","2016-04-05T20:42Z",1,144,"Y",1,0,0,35.413211,-99.074301,501.7,"shrubScrub"
"887","2017-04-03T22:10Z",1,130,"Y",1,0,0,35.413211,-99.074301,501.7,"shrubScrub"
"888","2017-04-18T17:00Z",2,120,"Y",6,0,0,35.413211,-99.074301,501.7,"shrubScrub"
"890","2017-04-18T17:00Z",3,120,"Y",6,0,0,35.413211,-99.074301,501.7,"shrubScrub"
"891","2017-05-10T03:50Z",2,136,"Y",2,0,0,35.413211,-99.074301,501.7,"shrubScrub"
"892","2017-05-30T21:42Z",4,165,"Y",10,0,0,35.413211,-99.074301,501.7,"shrubScrub"
"893","2017-05-30T21:42Z",6,165,"Y",10,0,0,35.413211,-99.074301,501.7,"shrubScrub"
"894","2017-08-08T14:30Z",1,170,"Y",1,0,0,35.413211,-99.074301,501.7,"shrubScrub"
"895","2018-03-12T21:41Z",1,120,"Y",1,0,0,35.413211,-99.074301,501.7,"shrubScrub"
"897","2018-04-24T16:26Z",4,140,"Y",8,0,0,35.413211,-99.074301,501.7,"shrubScrub"
"898","2018-04-24T16:26Z",3,140,"Y",8,0,0,35.413211,-99.074301,501.7,"shrubScrub"
"901","2018-05-15T22:03Z",2,160,"Y",5,0,0,35.413211,-99.074301,501.7,"shrubScrub"
"903","2018-06-26T14:13Z",1,135,"Y",1,0,0,35.413211,-99.074301,501.7,"shrubScrub"
"904","2018-03-21T18:51Z",1,160,"Y",1,0,0,40.152051,-112.455478,1617,"shrubScrub"
"923","2016-04-18T13:05Z",1,161,"Y",2,2,0,35.98309,-84.211654,338.6,"deciduousForest"
"954","2017-07-03T13:55Z",1,163,"Y",2,32,151,35.98309,-84.211654,338.6,"deciduousForest"
"982","2018-08-06T17:36Z",1,160,"Y",1,191,94,35.98309,-84.211654,338.6,"deciduousForest"
"993","2014-07-16T15:00Z",1,165,"Y",1,7,0,35.967011,-84.229849,275.5,"deciduousForest"
"1058","2018-06-20T12:52Z",1,158,"Y",6,16,117,35.967011,-84.229849,275.5,"deciduousForest"
"1069","2014-06-26T19:20Z",1,160,"Y",3,17,84,35.925843,-84.32842,279.4,"deciduousForest"
"1204","2016-06-23T16:15Z",1,160,"Y",1,9,0,35.933531,-84.334016,322.7,"deciduousForest"
"1229","2018-05-07T14:13Z",1,161,"Y",6,10,0,35.933531,-84.334016,322.7,"deciduousForest"
"1243","2018-08-06T15:10Z",1,160,"Y",1,29,1382,35.933531,-84.334016,322.7,"deciduousForest"
"1256","2015-07-09T14:53Z",1,170,"Y",1,6,5,35.974902,-84.22663,337.1,"deciduousForest"
"1361","2016-07-13T19:44Z",1,164,"Y",0,1,266,35.975525,-84.305103,273.2,"evergreenForest"
"1389","2018-07-12T17:56Z",1,164,"Y",1,6,70,35.975525,-84.305103,273.2,"evergreenForest"
"1441","2017-05-11T18:07Z",1,160,"Y",8,1,0,29.704063,-82.008061,34.4,"woodyWetlands"
"1453","2017-08-24T14:59Z",2,158,"Y",4,17,429,29.704063,-82.008061,34.4,"woodyWetlands"
"1598","2014-04-17T21:07Z",1,160,"Y",6,21,0,29.697923,-82.025623,36,"woodyWetlands"
"1694","2016-05-31T19:26Z",1,163,"Y",3,5,0,29.688309,-81.961968,24.3,"emergentHerbaceousWetlands"
"1701","2017-08-24T16:00Z",2,150,"Y",2,0,0,29.688309,-81.961968,24.3,"emergentHerbaceousWetlands"
"1714","2018-06-27T18:31Z",1,160,"Y",1,1,0,40.196225,-105.473182,2637.7,"evergreenForest"
"1715","2018-06-27T18:31Z",1,160,"Y",1,1,0,40.196225,-105.473182,2637.7,"evergreenForest"
"1719","2014-06-11T15:44Z",1,160,"Y",2,18,0,38.893863,-78.142704,327.7,"deciduousForest"
"1738","2016-05-16T17:42Z",1,167,"Y",1,5,0,38.893863,-78.142704,327.7,"deciduousForest"
"1741","2016-05-31T14:40Z",1,160,"Y",1,16,0,38.893863,-78.142704,327.7,"deciduousForest"
"NA.5",NA,NA,NA,NA,NA,NA,NA,NA,NA,NA,NA
"1754","2017-05-02T17:21Z",1,160,"Y",1,1,0,38.893863,-78.142704,327.7,"deciduousForest"
"1772","2018-06-18T14:05Z",2,161,"Y",2,17,0,38.893863,-78.142704,327.7,"deciduousForest"
"1776","2018-07-09T18:04Z",1,160,"Y",2,10,0,38.893863,-78.142704,327.7,"deciduousForest"
"1778","2018-07-09T18:04Z",1,160,"Y",2,10,0,38.893863,-78.142704,327.7,"deciduousForest"
"NA.6",NA,NA,NA,NA,NA,NA,NA,NA,NA,NA,NA
"1801","2015-05-04T12:50Z",1,163,"Y",2,7,NA,38.901859,-78.16194,263.6,"deciduousForest"
"1806","2016-04-18T18:30Z",3,153,"Y",3,0,0,38.901859,-78.16194,263.6,"deciduousForest"
"1810","2016-05-31T16:32Z",2,155,"Y",3,7,0,38.901859,-78.16194,263.6,"deciduousForest"
"1811","2016-06-20T17:56Z",1,141,"Y",1,2,0,38.901859,-78.16194,263.6,"deciduousForest"
"1813","2016-07-12T16:47Z",1,142,"Y",4,0,0,38.901859,-78.16194,263.6,"deciduousForest"
"1814","2016-07-12T16:47Z",3,142,"Y",4,0,0,38.901859,-78.16194,263.6,"deciduousForest"
"1816","2016-08-08T18:30Z",1,133,"Y",1,1,0,38.901859,-78.16194,263.6,"deciduousForest"
"NA.7",NA,NA,NA,NA,NA,NA,NA,NA,NA,NA,NA
"1823","2017-05-02T15:20Z",1,140,"Y",1,3,0,38.901859,-78.16194,263.6,"deciduousForest"
"1827","2017-05-31T20:52Z",1,145,"Y",3,5,0,38.901859,-78.16194,263.6,"deciduousForest"
"1830","2017-07-24T19:15Z",1,150,"Y",1,2,31,38.901859,-78.16194,263.6,"deciduousForest"
"1835","2018-05-29T14:51Z",1,114,"Y",1,3,0,38.901859,-78.16194,263.6,"deciduousForest"
"1839","2018-06-18T15:55Z",1,144,"Y",3,5,0,38.901859,-78.16194,263.6,"deciduousForest"
"1845","2014-07-01T12:59Z",2,162,"Y",2,5,0,38.89708,-78.150277,277.1,"pastureHay"
"1846","2014-07-25T13:27Z",1,150,"Y",3,1,0,38.89708,-78.150277,277.1,"pastureHay"
"1848","2014-07-25T13:27Z",2,150,"Y",3,1,0,38.89708,-78.150277,277.1,"pastureHay"
"1849","2014-07-25T13:27Z",1,150,"Y",3,1,0,38.89708,-78.150277,277.1,"pastureHay"
"1852","2015-05-04T15:28Z",4,161,"Y",5,0,NA,38.89708,-78.150277,277.1,"pastureHay"
"1853","2015-05-04T15:28Z",1,161,"Y",5,0,NA,38.89708,-78.150277,277.1,"pastureHay"
"1854","2015-05-26T13:05Z",1,161,"Y",1,0,NA,38.89708,-78.150277,277.1,"pastureHay"
"1856","2015-06-18T17:54Z",2,160,"Y",2,1,NA,38.89708,-78.150277,277.1,"pastureHay"
"1858","2015-07-08T18:40Z",1,160,"Y",1,0,37,38.89708,-78.150277,277.1,"pastureHay"
"1859","2016-03-28T18:42Z",2,160,"Y",2,0,0,38.89708,-78.150277,277.1,"pastureHay"
"1860","2016-04-18T14:25Z",1,161,"Y",1,0,0,38.89708,-78.150277,277.1,"pastureHay"
"1862","2016-05-31T15:35Z",1,160,"Y",2,0,0,38.89708,-78.150277,277.1,"pastureHay"
"1863","2016-05-31T15:35Z",1,160,"Y",2,0,0,38.89708,-78.150277,277.1,"pastureHay"
"1864","2016-07-11T18:35Z",1,160,"Y",3,2,0,38.89708,-78.150277,277.1,"pastureHay"
"1865","2016-07-11T18:35Z",2,160,"Y",3,2,0,38.89708,-78.150277,277.1,"pastureHay"
"1867","2016-08-01T16:02Z",5,160,"Y",5,0,0,38.89708,-78.150277,277.1,"pastureHay"
"NA.8",NA,NA,NA,NA,NA,NA,NA,NA,NA,NA,NA
"1870","2017-04-10T13:52Z",1,160,"Y",2,0,0,38.89708,-78.150277,277.1,"pastureHay"
"1873","2017-05-02T14:06Z",2,167,"Y",2,2,0,38.89708,-78.150277,277.1,"pastureHay"
"1876","2017-07-03T15:13Z",4,160,"Y",6,0,0,38.89708,-78.150277,277.1,"pastureHay"
"1877","2017-07-03T15:13Z",2,160,"Y",6,0,0,38.89708,-78.150277,277.1,"pastureHay"
"1879","2017-07-24T17:48Z",1,160,"Y",3,0,2,38.89708,-78.150277,277.1,"pastureHay"
"1880","2017-07-24T17:48Z",2,160,"Y",3,0,2,38.89708,-78.150277,277.1,"pastureHay"
"1881","2017-08-14T14:49Z",1,160,"Y",1,0,1,38.89708,-78.150277,277.1,"pastureHay"
"1883","2018-04-17T16:00Z",1,163,"Y",1,0,0,38.89708,-78.150277,277.1,"pastureHay"
"1885","2018-05-03T13:10Z",4,160,"Y",6,2,0,38.89708,-78.150277,277.1,"pastureHay"
"1886","2018-05-03T13:10Z",3,160,"Y",6,2,0,38.89708,-78.150277,277.1,"pastureHay"
"1887","2018-05-29T18:13Z",1,160,"Y",1,1,0,38.89708,-78.150277,277.1,"pastureHay"
"1890","2018-06-18T15:01Z",2,161,"Y",4,6,0,38.89708,-78.150277,277.1,"pastureHay"
"1891","2018-06-18T15:01Z",1,161,"Y",4,6,0,38.89708,-78.150277,277.1,"pastureHay"
"NA.9",NA,NA,NA,NA,NA,NA,NA,NA,NA,NA,NA
"1900","2014-06-10T20:02Z",2,180,"Y",3,36,2,38.886013,-78.129365,428.3,"deciduousForest"
"1902","2014-06-10T20:02Z",1,180,"Y",3,36,2,38.886013,-78.129365,428.3,"deciduousForest"
"1924","2016-04-18T16:42Z",1,145,"Y",1,0,0,38.886013,-78.129365,428.3,"deciduousForest"
"1927","2016-05-31T13:33Z",1,148,"Y",2,7,0,38.886013,-78.129365,428.3,"deciduousForest"
"1928","2016-05-31T13:33Z",1,148,"Y",2,7,0,38.886013,-78.129365,428.3,"deciduousForest"
"1929","2016-06-20T13:16Z",1,130,"Y",2,7,0,38.886013,-78.129365,428.3,"deciduousForest"
"1932","2016-06-20T13:16Z",1,130,"Y",2,7,0,38.886013,-78.129365,428.3,"deciduousForest"
"1941","2017-05-02T18:44Z",1,140,"Y",1,2,0,38.886013,-78.129365,428.3,"deciduousForest"
"1943","2017-05-31T17:32Z",1,125,"Y",4,5,0,38.886013,-78.129365,428.3,"deciduousForest"
"1945","2017-05-31T17:32Z",2,125,"Y",4,5,0,38.886013,-78.129365,428.3,"deciduousForest"
"1948","2017-06-12T18:13Z",1,128,"Y",2,7,0,38.886013,-78.129365,428.3,"deciduousForest"
"1950","2017-06-12T18:13Z",1,128,"Y",2,7,0,38.886013,-78.129365,428.3,"deciduousForest"
"1963","2018-05-29T15:00Z",1,154,"Y",1,17,0,38.886013,-78.129365,428.3,"deciduousForest"
"1969","2018-07-09T16:47Z",1,145,"Y",1,3,0,38.886013,-78.129365,428.3,"deciduousForest"
"1980","2014-07-02T18:32Z",1,165,"Y",2,16,0,38.873041,-78.163313,361.3,"deciduousForest"
"1981","2014-07-02T18:32Z",1,165,"Y",2,16,0,38.873041,-78.163313,361.3,"deciduousForest"
"2003","2015-07-07T17:00Z",1,170,"Y",1,38,15,38.873041,-78.163313,361.3,"deciduousForest"
"2008","2016-04-19T12:50Z",1,162,"Y",2,0,0,38.873041,-78.163313,361.3,"deciduousForest"
"2009","2016-04-19T12:50Z",1,162,"Y",2,0,0,38.873041,-78.163313,361.3,"deciduousForest"
"2011","2016-06-22T16:58Z",1,160,"Y",2,31,0,38.873041,-78.163313,361.3,"deciduousForest"
"2016","2016-07-12T19:06Z",1,160,"Y",1,7,0,38.873041,-78.163313,361.3,"deciduousForest"
"2031","2017-05-31T19:00Z",1,161,"Y",5,32,0,38.873041,-78.163313,361.3,"deciduousForest"
"2062","2018-07-30T12:45Z",1,165,"Y",1,5,3,38.873041,-78.163313,361.3,"deciduousForest"
"NA.10",NA,NA,NA,NA,NA,NA,NA,NA,NA,NA,NA
"2072","2015-05-04T17:28Z",4,162,"Y",5,2,NA,38.896433,-78.166542,330.8,"pastureHay"
"2074","2015-05-04T17:28Z",1,162,"Y",5,2,NA,38.896433,-78.166542,330.8,"pastureHay"
"2076","2015-06-15T14:53Z",3,172,"Y",4,4,NA,38.896433,-78.166542,330.8,"pastureHay"
"2078","2015-06-15T14:53Z",1,172,"Y",4,4,NA,38.896433,-78.166542,330.8,"pastureHay"
"2079","2015-07-28T18:05Z",1,150,"Y",5,1,NA,38.896433,-78.166542,330.8,"pastureHay"
"2080","2015-07-28T18:05Z",4,150,"Y",5,1,NA,38.896433,-78.166542,330.8,"pastureHay"
"2081","2015-08-17T15:09Z",1,164,"Y",1,0,5,38.896433,-78.166542,330.8,"pastureHay"
"2083","2016-05-31T17:22Z",1,165,"Y",1,0,0,38.896433,-78.166542,330.8,"pastureHay"
"2085","2016-06-20T16:46Z",1,147,"Y",1,1,0,38.896433,-78.166542,330.8,"pastureHay"
"2086","2016-07-11T19:29Z",6,163,"Y",10,1,0,38.896433,-78.166542,330.8,"pastureHay"
"2087","2016-07-11T19:29Z",4,163,"Y",10,1,0,38.896433,-78.166542,330.8,"pastureHay"
"2088","2016-08-01T16:44Z",1,145,"Y",4,0,0,38.896433,-78.166542,330.8,"pastureHay"
"2089","2016-08-01T16:44Z",3,145,"Y",4,0,0,38.896433,-78.166542,330.8,"pastureHay"
"2091","2016-08-22T17:37Z",1,165,"Y",1,0,11,38.896433,-78.166542,330.8,"pastureHay"
"NA.11",NA,NA,NA,NA,NA,NA,NA,NA,NA,NA,NA
"2097","2017-04-10T12:56Z",1,160,"Y",1,1,0,38.896433,-78.166542,330.8,"pastureHay"
"2098","2017-05-02T12:51Z",3,155,"Y",4,2,0,38.896433,-78.166542,330.8,"pastureHay"
"2099","2017-05-02T12:51Z",1,155,"Y",4,2,0,38.896433,-78.166542,330.8,"pastureHay"
"2104","2017-07-03T15:11Z",1,157,"Y",1,2,0,38.896433,-78.166542,330.8,"pastureHay"
"2108","2017-07-24T16:15Z",2,149,"Y",4,0,920,38.896433,-78.166542,330.8,"pastureHay"
"2109","2017-07-24T16:15Z",2,149,"Y",4,0,920,38.896433,-78.166542,330.8,"pastureHay"
"2118","2018-05-03T15:19Z",4,143,"Y",10,0,0,38.896433,-78.166542,330.8,"pastureHay"
"2119","2018-05-03T15:19Z",5,143,"Y",10,0,0,38.896433,-78.166542,330.8,"pastureHay"
"2122","2018-05-29T18:52Z",1,140,"Y",2,4,0,38.896433,-78.166542,330.8,"pastureHay"
"2128","2018-07-09T16:18Z",1,155,"Y",2,4,0,38.896433,-78.166542,330.8,"pastureHay"
"2129","2018-07-09T16:18Z",2,155,"Y",2,4,0,38.896433,-78.166542,330.8,"pastureHay"
"2131","2018-07-31T03:03Z",1,160,"Y",1,2,0,38.896433,-78.166542,330.8,"pastureHay"
"NA.12",NA,NA,NA,NA,NA,NA,NA,NA,NA,NA,NA
"2141","2015-06-10T14:14Z",1,161,"Y",3,22,NA,38.868186,-76.535306,2.1,"deciduousForest"
"2168","2017-04-27T21:20Z",1,154,"Y",3,15,0,38.868186,-76.535306,2.1,"deciduousForest"
"2175","2017-05-19T12:50Z",1,132,"Y",5,15,0,38.868186,-76.535306,2.1,"deciduousForest"
"2184","2017-06-28T15:00Z",1,167,"Y",2,7,12,38.868186,-76.535306,2.1,"deciduousForest"
"2186","2017-07-17T20:38Z",1,160,"Y",1,4,109,38.868186,-76.535306,2.1,"deciduousForest"
"2259","2017-06-30T13:14Z",1,85,"Y",5,17,113,38.896262,-76.558166,17,"deciduousForest"
"2288","2018-08-16T16:39Z",1,166,"Y",1,35,943,38.896262,-76.558166,17,"deciduousForest"
"2292","2015-05-04T15:50Z",1,161,"Y",3,1,NA,38.89406,-76.546307,8.5,"deciduousForest"
"2370","2016-07-28T10:55Z",1,162,"Y",1,4,16,38.880025,-76.548376,2.6,"deciduousForest"
"2390","2017-07-17T17:21Z",2,160,"Y",2,5,55,38.880025,-76.548376,2.6,"deciduousForest"
"2427","2016-08-15T21:59Z",1,161,"Y",1,3,36,38.88001,-76.561648,20.1,"deciduousForest"
"2477","2017-06-05T16:33Z",1,160,"Y",1,0,2,45.796166,-90.091452,520.3,"deciduousForest"
"2478","2017-06-27T15:20Z",2,162,"Y",2,1,0,45.796166,-90.091452,520.3,"deciduousForest"
"2482","2018-06-04T16:05Z",1,160,"Y",1,0,0,45.796166,-90.091452,520.3,"deciduousForest"
"2488","2016-05-09T20:22Z",1,176,"Y",3,0,0,45.824017,-90.096171,480.4,"woodyWetlands"
"2489","2016-05-09T20:22Z",2,176,"Y",3,0,0,45.824017,-90.096171,480.4,"woodyWetlands"
"2492","2017-04-24T15:39Z",2,164,"Y",3,0,0,45.824017,-90.096171,480.4,"woodyWetlands"
"2493","2017-04-24T15:39Z",1,164,"Y",3,0,0,45.824017,-90.096171,480.4,"woodyWetlands"
"2496","2016-06-20T15:22Z",1,158,"Y",1,0,0,45.832878,-90.075489,492.2,"mixedForest"
"NA.13",NA,NA,NA,NA,NA,NA,NA,NA,NA,NA,NA
"NA.14",NA,NA,NA,NA,NA,NA,NA,NA,NA,NA,NA
"2512","2014-07-11T12:55Z",1,160,"Y",2,11,0,32.97637,-87.432184,114.6,"deciduousForest"
"2517","2015-06-22T18:03Z",1,160,"Y",4,6,NA,32.97637,-87.432184,114.6,"deciduousForest"
"2521","2015-07-17T13:15Z",1,163,"Y",1,3,NA,32.97637,-87.432184,114.6,"deciduousForest"
"2523","2015-08-03T12:15Z",2,162,"Y",2,2,NA,32.97637,-87.432184,114.6,"deciduousForest"
"2525","2015-09-15T15:23Z",1,160,"Y",1,1,NA,32.97637,-87.432184,114.6,"deciduousForest"
"2549","2017-07-17T15:00Z",1,160,"Y",2,2,0,32.97637,-87.432184,114.6,"deciduousForest"
"2551","2017-07-17T15:00Z",1,160,"Y",2,2,0,32.97637,-87.432184,114.6,"deciduousForest"
"2560","2018-05-22T18:45Z",5,160,"Y",7,2,0,32.97637,-87.432184,114.6,"deciduousForest"
"2567","2018-07-03T16:17Z",3,160,"Y",6,7,0,32.97637,-87.432184,114.6,"deciduousForest"
"2570","2018-08-15T15:17Z",1,160,"Y",3,5,0,32.97637,-87.432184,114.6,"deciduousForest"
"2571","2018-08-15T15:17Z",2,160,"Y",3,5,0,32.97637,-87.432184,114.6,"deciduousForest"
"2637","2017-08-28T14:35Z",1,160,"Y",1,25,1,32.920823,-87.428955,104,"mixedForest"
"2671","2015-06-03T17:38Z",1,160,"Y",1,5,NA,32.894415,-87.416532,121.9,"mixedForest"
"2706","2015-08-03T14:22Z",1,167,"Y",1,0,110,32.899144,-87.444571,108.6,"evergreenForest"
"2730","2014-05-27T16:37Z",1,160,"Y",2,6,0,32.922874,-87.434097,127.5,"deciduousForest"
"2745","2015-07-17T12:23Z",1,169,"Y",3,32,NA,32.922874,-87.434097,127.5,"deciduousForest"
"2823","2016-04-29T19:22Z",1,150,"Y",2,0,0,45.482307,-89.557299,447.6,"woodyWetlands"
"2824","2016-04-29T19:22Z",1,150,"Y",2,0,0,45.482307,-89.557299,447.6,"woodyWetlands"
"2825","2016-05-18T18:35Z",4,160,"Y",5,0,0,45.482307,-89.557299,447.6,"woodyWetlands"
"2826","2016-05-18T18:35Z",1,160,"Y",5,0,0,45.482307,-89.557299,447.6,"woodyWetlands"
"2827","2016-06-08T21:24Z",2,160,"Y",3,0,0,45.482307,-89.557299,447.6,"woodyWetlands"
"2828","2016-06-08T21:24Z",1,160,"Y",3,0,0,45.482307,-89.557299,447.6,"woodyWetlands"
"2829","2016-06-27T08:20Z",2,161,"Y",5,0,0,45.482307,-89.557299,447.6,"woodyWetlands"
"2830","2016-06-27T08:20Z",3,161,"Y",5,0,0,45.482307,-89.557299,447.6,"woodyWetlands"
"2831","2016-07-18T15:54Z",1,158,"Y",2,0,0,45.482307,-89.557299,447.6,"woodyWetlands"
"2832","2016-07-18T15:54Z",1,158,"Y",2,0,0,45.482307,-89.557299,447.6,"woodyWetlands"
"2833","2016-08-08T22:08Z",1,154,"Y",1,0,1,45.482307,-89.557299,447.6,"woodyWetlands"
"2836","2017-05-25T18:51Z",1,146,"Y",6,0,11,45.482307,-89.557299,447.6,"woodyWetlands"
"2837","2017-05-25T18:51Z",5,146,"Y",6,0,11,45.482307,-89.557299,447.6,"woodyWetlands"
"2839","2017-07-03T18:25Z",1,140,"Y",1,0,1,45.482307,-89.557299,447.6,"woodyWetlands"
"2841","2018-05-07T18:42Z",3,140,"Y",3,0,0,45.482307,-89.557299,447.6,"woodyWetlands"
"2842","2018-05-07T18:42Z",1,140,"Y",3,0,0,45.482307,-89.557299,447.6,"woodyWetlands"
"2844","2018-05-29T18:30Z",1,160,"Y",1,1,0,45.482307,-89.557299,447.6,"woodyWetlands"
"2846","2018-06-22T21:18Z",1,103,"Y",1,0,2,45.482307,-89.557299,447.6,"woodyWetlands"
"2847","2018-07-09T18:29Z",3,164,"Y",4,0,0,45.482307,-89.557299,447.6,"woodyWetlands"
"2851","2016-05-18T14:56Z",1,164,"Y",1,0,0,45.496399,-89.559231,461.3,"deciduousForest"
"2854","2016-06-08T17:45Z",1,160,"Y",2,15,100,45.496399,-89.559231,461.3,"deciduousForest"
"2880","2018-06-21T13:42Z",2,160,"Y",2,18,49,45.496399,-89.559231,461.3,"deciduousForest"
"2891","2016-04-29T18:25Z",1,161,"Y",1,0,0,45.485626,-89.55432,462.1,"mixedForest"
"2892","2016-05-18T17:42Z",1,161,"Y",2,0,0,45.485626,-89.55432,462.1,"mixedForest"
"2894","2016-06-08T20:13Z",3,163,"Y",4,5,75,45.485626,-89.55432,462.1,"mixedForest"
"2897","2016-06-08T20:13Z",1,163,"Y",4,5,75,45.485626,-89.55432,462.1,"mixedForest"
"2900","2016-07-18T17:15Z",1,161,"Y",2,2,1,45.485626,-89.55432,462.1,"mixedForest"
"2901","2016-07-18T17:15Z",1,161,"Y",2,2,1,45.485626,-89.55432,462.1,"mixedForest"
"2903","2017-05-03T16:41Z",1,160,"Y",2,0,0,45.485626,-89.55432,462.1,"mixedForest"
"2906","2017-05-25T20:02Z",1,160,"Y",1,0,1,45.485626,-89.55432,462.1,"mixedForest"
"2907","2017-06-13T18:38Z",3,160,"Y",3,3,47,45.485626,-89.55432,462.1,"mixedForest"
"2912","2017-07-03T16:30Z",1,160,"Y",2,3,36,45.485626,-89.55432,462.1,"mixedForest"
"2914","2018-05-07T17:38Z",1,160,"Y",1,0,0,45.485626,-89.55432,462.1,"mixedForest"
"2915","2018-05-29T16:59Z",2,160,"Y",4,0,5,45.485626,-89.55432,462.1,"mixedForest"
"2916","2018-05-29T16:59Z",2,160,"Y",4,0,5,45.485626,-89.55432,462.1,"mixedForest"
"2919","2018-06-22T20:09Z",1,160,"Y",3,6,16,45.485626,-89.55432,462.1,"mixedForest"
"2921","2018-06-22T20:09Z",2,160,"Y",3,6,16,45.485626,-89.55432,462.1,"mixedForest"
"2929","2016-05-18T19:47Z",3,156,"Y",9,0,0,45.493376,-89.575729,466.2,"deciduousForest"
"2930","2016-05-18T19:47Z",3,156,"Y",9,0,0,45.493376,-89.575729,466.2,"deciduousForest"
"2932","2016-06-08T16:15Z",1,170,"Y",4,8,0,45.493376,-89.575729,466.2,"deciduousForest"
"2935","2016-06-08T16:15Z",1,170,"Y",4,8,0,45.493376,-89.575729,466.2,"deciduousForest"
"2937","2016-06-27T15:45Z",1,166,"Y",1,9,0,45.493376,-89.575729,466.2,"deciduousForest"
"2947","2017-05-03T16:59Z",2,165,"Y",2,0,0,45.493376,-89.575729,466.2,"deciduousForest"
"2950","2017-05-25T16:56Z",1,172,"Y",2,4,3,45.493376,-89.575729,466.2,"deciduousForest"
"2952","2017-05-25T16:56Z",1,172,"Y",2,4,3,45.493376,-89.575729,466.2,"deciduousForest"
"2956","2017-07-03T16:40Z",1,162,"Y",1,10,60,45.493376,-89.575729,466.2,"deciduousForest"
"2958","2017-07-24T17:17Z",1,160,"Y",1,13,70,45.493376,-89.575729,466.2,"deciduousForest"
"2965","2018-05-29T15:50Z",2,160,"Y",6,0,2,45.493376,-89.575729,466.2,"deciduousForest"
"2969","2018-05-29T15:50Z",1,160,"Y",6,0,2,45.493376,-89.575729,466.2,"deciduousForest"
"2980","2016-05-18T20:41Z",6,163,"Y",6,0,0,45.494788,-89.575812,466.2,"mixedForest"
"2981","2016-05-18T20:41Z",2,163,"Y",6,0,0,45.494788,-89.575812,466.2,"mixedForest"
"2984","2016-06-08T14:25Z",3,160,"Y",5,24,307,45.494788,-89.575812,466.2,"mixedForest"
"2985","2016-06-08T14:25Z",2,160,"Y",5,24,307,45.494788,-89.575812,466.2,"mixedForest"
"2987","2016-06-27T17:45Z",2,160,"Y",2,23,138,45.494788,-89.575812,466.2,"mixedForest"
"2990","2016-07-18T22:20Z",2,160,"Y",8,9,109,45.494788,-89.575812,466.2,"mixedForest"
"2991","2016-07-18T22:20Z",5,160,"Y",8,9,109,45.494788,-89.575812,466.2,"mixedForest"
"2996","2017-05-03T17:58Z",1,155,"Y",1,1,0,45.494788,-89.575812,466.2,"mixedForest"
"3000","2017-05-25T15:42Z",1,159,"Y",17,3,0,45.494788,-89.575812,466.2,"mixedForest"
"3001","2017-05-25T15:42Z",1,159,"Y",17,3,0,45.494788,-89.575812,466.2,"mixedForest"
"3003","2017-06-13T20:22Z",1,165,"Y",1,11,264,45.494788,-89.575812,466.2,"mixedForest"
"3006","2017-07-03T15:03Z",1,160,"Y",2,11,167,45.494788,-89.575812,466.2,"mixedForest"
"3008","2017-07-03T15:03Z",1,160,"Y",2,11,167,45.494788,-89.575812,466.2,"mixedForest"
"3009","2017-07-24T15:08Z",1,161,"Y",1,9,154,45.494788,-89.575812,466.2,"mixedForest"
"3013","2017-08-16T15:09Z",1,160,"Y",1,5,16,45.494788,-89.575812,466.2,"mixedForest"
"3019","2018-05-29T16:50Z",1,160,"Y",1,0,1,45.494788,-89.575812,466.2,"mixedForest"
"3023","2018-06-22T15:21Z",3,160,"Y",6,12,100,45.494788,-89.575812,466.2,"mixedForest"
"3025","2018-06-22T15:21Z",2,160,"Y",6,12,100,45.494788,-89.575812,466.2,"mixedForest"
"3027","2018-07-09T15:21Z",1,160,"Y",1,2,110,45.494788,-89.575812,466.2,"mixedForest"
"3038","2016-05-18T16:10Z",1,156,"Y",1,0,0,45.494513,-89.551239,458.4,"evergreenForest"
"3041","2016-06-27T22:10Z",1,161,"Y",1,1,0,45.494513,-89.551239,458.4,"evergreenForest"
"3044","2016-07-18T19:10Z",1,155,"Y",1,6,9,45.494513,-89.551239,458.4,"evergreenForest"
"3051","2017-05-25T19:15Z",1,160,"Y",1,1,0,45.494513,-89.551239,458.4,"evergreenForest"
"3054","2017-06-13T16:20Z",1,162,"Y",1,9,3,45.494513,-89.551239,458.4,"evergreenForest"
"3058","2017-07-03T15:09Z",2,160,"Y",3,6,0,45.494513,-89.551239,458.4,"evergreenForest"
"NA.15",NA,NA,NA,NA,NA,NA,NA,NA,NA,NA,NA
"NA.16",NA,NA,NA,NA,NA,NA,NA,NA,NA,NA,NA
"NA.17",NA,NA,NA,NA,NA,NA,NA,NA,NA,NA,NA
"NA.18",NA,NA,NA,NA,NA,NA,NA,NA,NA,NA,NA
"3114","2017-07-03T14:55Z",1,160,"Y",12,36,0,39.037238,-95.198631,322.7,"deciduousForest"
"3119","2017-07-24T20:15Z",1,160,"Y",2,10,590,39.037238,-95.198631,322.7,"deciduousForest"
"3131","2018-05-22T18:47Z",1,180,"Y",18,31,0,39.037238,-95.198631,322.7,"deciduousForest"
"NA.19",NA,NA,NA,NA,NA,NA,NA,NA,NA,NA,NA
"NA.20",NA,NA,NA,NA,NA,NA,NA,NA,NA,NA,NA
"3165","2016-08-04T15:28Z",1,160,"Y",1,5,169,39.045892,-95.207026,316,"deciduousForest"
"NA.21",NA,NA,NA,NA,NA,NA,NA,NA,NA,NA,NA
"3189","2017-07-24T17:42Z",1,160,"Y",2,10,1224,39.045892,-95.207026,316,"deciduousForest"
"3202","2018-07-03T14:32Z",4,160,"Y",1,11,120,39.045892,-95.207026,316,"deciduousForest"
"3211","2015-07-13T14:16Z",2,160,"Y",4,7,NA,39.053769,-95.187084,323.1,"deciduousForest"
"3213","2015-07-13T14:16Z",1,160,"Y",4,7,NA,39.053769,-95.187084,323.1,"deciduousForest"
"NA.22",NA,NA,NA,NA,NA,NA,NA,NA,NA,NA,NA
"NA.23",NA,NA,NA,NA,NA,NA,NA,NA,NA,NA,NA
"NA.24",NA,NA,NA,NA,NA,NA,NA,NA,NA,NA,NA
"3228","2016-06-02T14:25Z",1,160,"Y",20,20,0,39.053769,-95.187084,323.1,"deciduousForest"
"3233","2016-06-23T15:29Z",1,150,"Y",8,7,0,39.053769,-95.187084,323.1,"deciduousForest"
"NA.25",NA,NA,NA,NA,NA,NA,NA,NA,NA,NA,NA
"3256","2017-05-05T17:05Z",3,160,"Y",23,42,1,39.053769,-95.187084,323.1,"deciduousForest"
"3260","2017-05-23T15:20Z",1,160,"Y",8,2,0,39.053769,-95.187084,323.1,"deciduousForest"
"3266","2017-07-03T18:58Z",1,160,"Y",9,71,0,39.053769,-95.187084,323.1,"deciduousForest"
"3284","2018-05-22T18:11Z",2,170,"Y",49,31,0,39.053769,-95.187084,323.1,"deciduousForest"
"3290","2018-07-03T13:39Z",1,180,"Y",8,9,0,39.053769,-95.187084,323.1,"deciduousForest"
"3294","2018-07-23T14:23Z",1,175,"Y",2,3,488,39.053769,-95.187084,323.1,"deciduousForest"
"3298","2018-09-04T15:02Z",1,160,"Y",0,8,13605,39.053769,-95.187084,323.1,"deciduousForest"
"NA.26",NA,NA,NA,NA,NA,NA,NA,NA,NA,NA,NA
"NA.27",NA,NA,NA,NA,NA,NA,NA,NA,NA,NA,NA
"NA.28",NA,NA,NA,NA,NA,NA,NA,NA,NA,NA,NA
"3384","2017-07-03T19:55Z",1,160,"Y",2,1,0,39.053205,-95.194659,325.8,"grasslandHerbaceous"
"NA.29",NA,NA,NA,NA,NA,NA,NA,NA,NA,NA,NA
"3411","2017-07-14T18:30Z",1,136,"Y",1,0,0,46.242285,-89.543255,506.2,"woodyWetlands"
"3412","2014-06-05T18:10Z",1,173,"Y",1,0,0,46.257317,-89.534895,501.9,"woodyWetlands"
"3425","2016-05-23T14:08Z",1,161,"Y",1,0,0,46.256243,-89.5342,507.1,"woodyWetlands"
"3426","2016-06-20T16:04Z",1,152,"Y",1,0,0,46.256243,-89.5342,507.1,"woodyWetlands"
"3427","2017-06-21T18:11Z",1,158,"Y",1,0,0,46.256243,-89.5342,507.1,"woodyWetlands"
"3428","2014-06-03T19:42Z",5,160,"Y",10,0,0,47.1272,-99.256464,593.8,"grasslandHerbaceous"
"3429","2014-06-03T19:42Z",5,160,"Y",10,0,0,47.1272,-99.256464,593.8,"grasslandHerbaceous"
"3430","2014-07-02T18:47Z",2,170,"Y",6,0,0,47.1272,-99.256464,593.8,"grasslandHerbaceous"
"3431","2014-07-02T18:47Z",4,170,"Y",6,0,0,47.1272,-99.256464,593.8,"grasslandHerbaceous"
"3432","2014-07-14T21:11Z",1,160,"Y",3,0,0,47.1272,-99.256464,593.8,"grasslandHerbaceous"
"3433","2014-07-14T21:11Z",2,160,"Y",3,0,0,47.1272,-99.256464,593.8,"grasslandHerbaceous"
"3434","2015-05-19T19:56Z",1,159,"Y",3,0,NA,47.1272,-99.256464,593.8,"grasslandHerbaceous"
"3435","2015-05-19T19:56Z",2,159,"Y",3,0,NA,47.1272,-99.256464,593.8,"grasslandHerbaceous"
"3436","2015-06-09T17:00Z",6,160,"Y",10,0,NA,47.1272,-99.256464,593.8,"grasslandHerbaceous"
"3437","2015-06-09T17:00Z",4,160,"Y",10,0,NA,47.1272,-99.256464,593.8,"grasslandHerbaceous"
"3438","2015-06-30T20:19Z",3,160,"Y",3,0,NA,47.1272,-99.256464,593.8,"grasslandHerbaceous"
"3439","2016-05-04T16:32Z",1,160,"Y",2,0,0,47.1272,-99.256464,593.8,"grasslandHerbaceous"
"3440","2016-05-04T16:32Z",1,160,"Y",2,0,0,47.1272,-99.256464,593.8,"grasslandHerbaceous"
"3441","2016-06-02T16:48Z",1,160,"Y",2,0,0,47.1272,-99.256464,593.8,"grasslandHerbaceous"
"3442","2016-06-02T16:48Z",1,160,"Y",2,0,0,47.1272,-99.256464,593.8,"grasslandHerbaceous"
"3443","2016-06-15T16:12Z",2,160,"Y",2,0,0,47.1272,-99.256464,593.8,"grasslandHerbaceous"
"3444","2016-07-27T14:53Z",1,160,"Y",1,0,0,47.1272,-99.256464,593.8,"grasslandHerbaceous"
"3445","2017-05-03T16:15Z",1,160,"Y",13,0,0,47.1272,-99.256464,593.8,"grasslandHerbaceous"
"3446","2017-05-03T16:15Z",12,160,"Y",13,0,0,47.1272,-99.256464,593.8,"grasslandHerbaceous"
"3447","2017-05-24T19:42Z",3,160,"Y",5,0,0,47.1272,-99.256464,593.8,"grasslandHerbaceous"
"3448","2017-05-24T19:42Z",2,160,"Y",5,0,0,47.1272,-99.256464,593.8,"grasslandHerbaceous"
"3449","2017-06-14T16:12Z",1,160,"Y",1,0,0,47.1272,-99.256464,593.8,"grasslandHerbaceous"
"3450","2017-07-05T18:26Z",1,160,"Y",3,0,0,47.1272,-99.256464,593.8,"grasslandHerbaceous"
"3451","2017-07-05T18:26Z",2,160,"Y",3,0,0,47.1272,-99.256464,593.8,"grasslandHerbaceous"
"3452","2017-07-26T19:07Z",1,160,"Y",1,0,0,47.1272,-99.256464,593.8,"grasslandHerbaceous"
"3453","2018-05-10T20:56Z",3,160,"Y",4,0,0,47.1272,-99.256464,593.8,"grasslandHerbaceous"
"3454","2018-05-10T20:56Z",1,160,"Y",4,0,0,47.1272,-99.256464,593.8,"grasslandHerbaceous"
"3455","2018-05-31T17:27Z",11,160,"Y",22,0,0,47.1272,-99.256464,593.8,"grasslandHerbaceous"
"3456","2018-05-31T17:27Z",11,160,"Y",22,0,0,47.1272,-99.256464,593.8,"grasslandHerbaceous"
"3457","2018-06-20T20:41Z",10,160,"Y",13,0,0,47.1272,-99.256464,593.8,"grasslandHerbaceous"
"3458","2018-06-20T20:41Z",4,160,"Y",13,0,0,47.1272,-99.256464,593.8,"grasslandHerbaceous"
"3459","2018-07-12T15:06Z",10,160,"Y",24,0,0,47.1272,-99.256464,593.8,"grasslandHerbaceous"
"3460","2018-07-12T15:06Z",12,160,"Y",24,0,0,47.1272,-99.256464,593.8,"grasslandHerbaceous"
"3461","2018-07-30T16:14Z",1,160,"Y",8,0,0,47.1272,-99.256464,593.8,"grasslandHerbaceous"
"3462","2018-07-30T16:14Z",7,160,"Y",8,0,0,47.1272,-99.256464,593.8,"grasslandHerbaceous"
"3463","2014-06-03T17:05Z",2,160,"Y",5,0,0,47.136802,-99.234546,578.3,"grasslandHerbaceous"
"3464","2014-06-03T17:05Z",3,160,"Y",5,0,0,47.136802,-99.234546,578.3,"grasslandHerbaceous"
"3465","2015-06-09T15:22Z",2,160,"Y",2,0,NA,47.136802,-99.234546,578.3,"grasslandHerbaceous"
"3466","2015-06-30T19:09Z",4,160,"Y",5,0,NA,47.136802,-99.234546,578.3,"grasslandHerbaceous"
"3467","2015-06-30T19:09Z",1,160,"Y",5,0,NA,47.136802,-99.234546,578.3,"grasslandHerbaceous"
"3468","2015-07-21T16:40Z",2,160,"Y",3,0,NA,47.136802,-99.234546,578.3,"grasslandHerbaceous"
"3469","2015-07-21T16:40Z",1,160,"Y",3,0,NA,47.136802,-99.234546,578.3,"grasslandHerbaceous"
"3470","2016-05-04T18:48Z",3,160,"Y",3,0,0,47.136802,-99.234546,578.3,"grasslandHerbaceous"
"3471","2016-06-02T19:34Z",3,160,"Y",7,0,0,47.136802,-99.234546,578.3,"grasslandHerbaceous"
"3472","2016-06-02T19:34Z",4,160,"Y",7,0,0,47.136802,-99.234546,578.3,"grasslandHerbaceous"
"3473","2016-06-15T18:00Z",3,160,"Y",5,0,0,47.136802,-99.234546,578.3,"grasslandHerbaceous"
"3474","2016-06-15T18:00Z",3,160,"Y",5,0,0,47.136802,-99.234546,578.3,"grasslandHerbaceous"
"3475","2016-07-06T19:05Z",2,160,"Y",2,0,0,47.136802,-99.234546,578.3,"grasslandHerbaceous"
"3476","2016-07-27T18:58Z",1,160,"Y",1,0,0,47.136802,-99.234546,578.3,"grasslandHerbaceous"
"3477","2017-05-03T19:25Z",2,160,"Y",4,0,0,47.136802,-99.234546,578.3,"grasslandHerbaceous"
"3478","2017-05-03T19:25Z",2,160,"Y",4,0,0,47.136802,-99.234546,578.3,"grasslandHerbaceous"
"3479","2017-06-14T18:38Z",1,160,"Y",2,0,0,47.136802,-99.234546,578.3,"grasslandHerbaceous"
"3480","2017-06-14T18:38Z",1,160,"Y",2,0,0,47.136802,-99.234546,578.3,"grasslandHerbaceous"
"3481","2017-07-26T16:28Z",1,160,"Y",1,0,0,47.136802,-99.234546,578.3,"grasslandHerbaceous"
"3482","2018-05-31T16:27Z",1,160,"Y",1,0,0,47.136802,-99.234546,578.3,"grasslandHerbaceous"
"3483","2014-05-13T17:12Z",1,160,"Y",1,0,0,47.141023,-99.248055,587.2,"grasslandHerbaceous"
"3484","2014-06-03T17:50Z",8,160,"Y",12,0,0,47.141023,-99.248055,587.2,"grasslandHerbaceous"
"3485","2014-06-03T17:50Z",4,160,"Y",12,0,0,47.141023,-99.248055,587.2,"grasslandHerbaceous"
"3486","2014-07-02T20:54Z",2,156,"Y",8,0,0,47.141023,-99.248055,587.2,"grasslandHerbaceous"
"3487","2014-07-02T20:54Z",6,156,"Y",8,0,0,47.141023,-99.248055,587.2,"grasslandHerbaceous"
"3488","2015-05-19T18:36Z",1,155,"Y",3,0,NA,47.141023,-99.248055,587.2,"grasslandHerbaceous"
"3489","2015-05-19T18:36Z",2,155,"Y",3,0,NA,47.141023,-99.248055,587.2,"grasslandHerbaceous"
"3490","2015-06-09T16:00Z",3,155,"Y",4,0,NA,47.141023,-99.248055,587.2,"grasslandHerbaceous"
"3491","2015-06-09T16:00Z",1,155,"Y",4,0,NA,47.141023,-99.248055,587.2,"grasslandHerbaceous"
"3492","2015-06-30T17:22Z",1,155,"Y",2,0,NA,47.141023,-99.248055,587.2,"grasslandHerbaceous"
"3493","2015-06-30T17:22Z",1,155,"Y",2,0,NA,47.141023,-99.248055,587.2,"grasslandHerbaceous"
"3494","2015-07-21T19:02Z",1,160,"Y",1,0,NA,47.141023,-99.248055,587.2,"grasslandHerbaceous"
"3495","2016-05-04T18:03Z",2,155,"Y",3,0,0,47.141023,-99.248055,587.2,"grasslandHerbaceous"
"3496","2016-05-04T18:03Z",1,155,"Y",3,0,0,47.141023,-99.248055,587.2,"grasslandHerbaceous"
"3497","2016-06-02T18:49Z",1,175,"Y",2,0,0,47.141023,-99.248055,587.2,"grasslandHerbaceous"
"3498","2016-06-02T18:49Z",1,175,"Y",2,0,0,47.141023,-99.248055,587.2,"grasslandHerbaceous"
"3499","2016-06-15T17:02Z",1,150,"Y",2,0,0,47.141023,-99.248055,587.2,"grasslandHerbaceous"
"3500","2016-06-15T17:02Z",1,150,"Y",2,0,0,47.141023,-99.248055,587.2,"grasslandHerbaceous"
"3501","2016-07-06T18:00Z",3,160,"Y",3,0,0,47.141023,-99.248055,587.2,"grasslandHerbaceous"
"3502","2017-05-03T18:25Z",13,142,"Y",26,0,0,47.141023,-99.248055,587.2,"grasslandHerbaceous"
"3503","2017-05-03T18:25Z",13,142,"Y",26,0,0,47.141023,-99.248055,587.2,"grasslandHerbaceous"
"3504","2017-05-24T17:50Z",5,160,"Y",9,0,0,47.141023,-99.248055,587.2,"grasslandHerbaceous"
"3505","2017-05-24T17:50Z",4,160,"Y",9,0,0,47.141023,-99.248055,587.2,"grasslandHerbaceous"
"3506","2017-06-14T17:51Z",5,170,"Y",5,0,0,47.141023,-99.248055,587.2,"grasslandHerbaceous"
"3507","2017-07-05T17:08Z",2,160,"Y",2,0,0,47.141023,-99.248055,587.2,"grasslandHerbaceous"
"3508","2017-07-26T17:49Z",1,160,"Y",1,0,0,47.141023,-99.248055,587.2,"grasslandHerbaceous"
"3509","2018-05-10T19:04Z",3,160,"Y",6,0,0,47.141023,-99.248055,587.2,"grasslandHerbaceous"
"3510","2018-05-10T19:04Z",3,160,"Y",6,0,0,47.141023,-99.248055,587.2,"grasslandHerbaceous"
"3511","2018-05-30T17:51Z",2,160,"Y",4,0,0,47.141023,-99.248055,587.2,"grasslandHerbaceous"
"3512","2018-05-30T17:51Z",2,160,"Y",4,0,0,47.141023,-99.248055,587.2,"grasslandHerbaceous"
"3513","2018-06-20T22:27Z",5,160,"Y",9,0,0,47.141023,-99.248055,587.2,"grasslandHerbaceous"
"3514","2018-06-20T22:27Z",4,160,"Y",9,0,0,47.141023,-99.248055,587.2,"grasslandHerbaceous"
"3515","2018-07-12T16:34Z",3,160,"Y",3,2,0,47.141023,-99.248055,587.2,"grasslandHerbaceous"
"3516","2018-07-12T16:34Z",2,160,"Y",3,2,0,47.141023,-99.248055,587.2,"grasslandHerbaceous"
"3517","2018-07-30T18:00Z",1,160,"Y",1,0,0,47.141023,-99.248055,587.2,"grasslandHerbaceous"
"3518","2014-06-03T18:48Z",7,160,"Y",15,0,0,47.133887,-99.251357,593.6,"grasslandHerbaceous"
"3519","2014-06-03T18:48Z",8,160,"Y",15,0,0,47.133887,-99.251357,593.6,"grasslandHerbaceous"
"3520","2014-07-02T19:45Z",1,160,"Y",3,0,0,47.133887,-99.251357,593.6,"grasslandHerbaceous"
"3521","2014-07-02T19:45Z",2,160,"Y",3,0,0,47.133887,-99.251357,593.6,"grasslandHerbaceous"
"3522","2014-07-14T22:45Z",1,160,"Y",2,0,0,47.133887,-99.251357,593.6,"grasslandHerbaceous"
"3523","2015-05-19T19:15Z",5,160,"Y",8,0,NA,47.133887,-99.251357,593.6,"grasslandHerbaceous"
"3524","2015-05-19T19:15Z",3,160,"Y",8,0,NA,47.133887,-99.251357,593.6,"grasslandHerbaceous"
"3525","2015-06-09T16:06Z",8,160,"Y",12,0,NA,47.133887,-99.251357,593.6,"grasslandHerbaceous"
"3526","2015-06-09T16:06Z",4,160,"Y",12,0,NA,47.133887,-99.251357,593.6,"grasslandHerbaceous"
"3527","2015-06-30T18:16Z",2,160,"Y",6,0,NA,47.133887,-99.251357,593.6,"grasslandHerbaceous"
"3528","2015-06-30T18:16Z",5,160,"Y",6,0,NA,47.133887,-99.251357,593.6,"grasslandHerbaceous"
"3529","2015-07-21T18:10Z",4,160,"Y",6,0,NA,47.133887,-99.251357,593.6,"grasslandHerbaceous"
"3530","2015-07-21T18:10Z",2,160,"Y",6,0,NA,47.133887,-99.251357,593.6,"grasslandHerbaceous"
"3531","2015-08-09T20:52Z",1,160,"Y",1,0,NA,47.133887,-99.251357,593.6,"grasslandHerbaceous"
"3532","2016-06-02T17:49Z",2,160,"Y",2,0,0,47.133887,-99.251357,593.6,"grasslandHerbaceous"
"3533","2016-06-15T15:04Z",1,160,"Y",1,0,0,47.133887,-99.251357,593.6,"grasslandHerbaceous"
"3534","2016-07-06T16:45Z",1,165,"Y",3,0,0,47.133887,-99.251357,593.6,"grasslandHerbaceous"
"3535","2016-07-06T16:45Z",2,165,"Y",3,0,0,47.133887,-99.251357,593.6,"grasslandHerbaceous"
"3536","2016-07-27T16:02Z",1,160,"Y",1,0,0,47.133887,-99.251357,593.6,"grasslandHerbaceous"
"3537","2017-05-03T17:27Z",14,160,"Y",21,0,0,47.133887,-99.251357,593.6,"grasslandHerbaceous"
"3538","2017-05-03T17:27Z",7,160,"Y",21,0,0,47.133887,-99.251357,593.6,"grasslandHerbaceous"
"3539","2017-05-24T18:37Z",24,160,"Y",60,0,0,47.133887,-99.251357,593.6,"grasslandHerbaceous"
"3540","2017-05-24T18:37Z",36,160,"Y",60,0,0,47.133887,-99.251357,593.6,"grasslandHerbaceous"
"3541","2017-06-14T05:03Z",7,160,"Y",12,1,0,47.133887,-99.251357,593.6,"grasslandHerbaceous"
"3542","2017-06-14T05:03Z",6,160,"Y",12,1,0,47.133887,-99.251357,593.6,"grasslandHerbaceous"
"3543","2017-07-05T19:28Z",3,160,"Y",4,0,0,47.133887,-99.251357,593.6,"grasslandHerbaceous"
"3544","2017-07-26T18:27Z",1,160,"Y",1,0,0,47.133887,-99.251357,593.6,"grasslandHerbaceous"
"3545","2018-05-10T20:05Z",1,160,"Y",2,0,0,47.133887,-99.251357,593.6,"grasslandHerbaceous"
"3546","2018-05-10T20:05Z",1,160,"Y",2,0,0,47.133887,-99.251357,593.6,"grasslandHerbaceous"
"3547","2018-05-30T18:28Z",5,160,"Y",11,0,0,47.133887,-99.251357,593.6,"grasslandHerbaceous"
"3548","2018-05-30T18:28Z",6,160,"Y",11,0,0,47.133887,-99.251357,593.6,"grasslandHerbaceous"
"3549","2018-06-20T21:45Z",2,160,"Y",3,1,0,47.133887,-99.251357,593.6,"grasslandHerbaceous"
"3550","2018-06-20T21:45Z",2,160,"Y",3,1,0,47.133887,-99.251357,593.6,"grasslandHerbaceous"
"3551","2018-07-12T15:59Z",1,160,"Y",4,0,0,47.133887,-99.251357,593.6,"grasslandHerbaceous"
"3552","2018-07-12T15:59Z",3,160,"Y",4,0,0,47.133887,-99.251357,593.6,"grasslandHerbaceous"
"3553","2018-07-30T17:08Z",1,160,"Y",1,0,0,47.133887,-99.251357,593.6,"grasslandHerbaceous"
"3554","2014-06-03T16:22Z",2,160,"Y",2,1,0,47.144534,-99.231072,573.5,"grasslandHerbaceous"
"3555","2014-06-03T16:22Z",1,160,"Y",2,1,0,47.144534,-99.231072,573.5,"grasslandHerbaceous"
"3556","2014-07-03T18:22Z",2,160,"Y",3,0,0,47.144534,-99.231072,573.5,"grasslandHerbaceous"
"3557","2014-07-03T18:22Z",1,160,"Y",3,0,0,47.144534,-99.231072,573.5,"grasslandHerbaceous"
"3558","2014-07-14T22:02Z",2,160,"Y",4,0,0,47.144534,-99.231072,573.5,"grasslandHerbaceous"
"3559","2014-07-14T22:02Z",2,160,"Y",4,0,0,47.144534,-99.231072,573.5,"grasslandHerbaceous"
"3560","2015-06-30T16:05Z",2,160,"Y",2,0,NA,47.144534,-99.231072,573.5,"grasslandHerbaceous"
"3561","2015-07-21T15:30Z",1,160,"Y",1,0,NA,47.144534,-99.231072,573.5,"grasslandHerbaceous"
"3562","2016-05-04T19:26Z",1,160,"Y",2,0,0,47.144534,-99.231072,573.5,"grasslandHerbaceous"
"3563","2016-05-04T19:26Z",1,160,"Y",2,0,0,47.144534,-99.231072,573.5,"grasslandHerbaceous"
"3564","2016-06-15T18:45Z",2,163,"Y",2,0,0,47.144534,-99.231072,573.5,"grasslandHerbaceous"
"3565","2016-07-06T19:50Z",1,160,"Y",1,0,0,47.144534,-99.231072,573.5,"grasslandHerbaceous"
"3566","2017-05-03T20:29Z",14,160,"Y",23,0,0,47.144534,-99.231072,573.5,"grasslandHerbaceous"
"3567","2017-05-03T20:29Z",9,160,"Y",23,0,0,47.144534,-99.231072,573.5,"grasslandHerbaceous"
"3568","2017-05-24T16:07Z",2,160,"Y",5,0,0,47.144534,-99.231072,573.5,"grasslandHerbaceous"
"3569","2017-05-24T16:07Z",3,160,"Y",5,0,0,47.144534,-99.231072,573.5,"grasslandHerbaceous"
"3570","2017-06-14T19:12Z",1,160,"Y",1,0,0,47.144534,-99.231072,573.5,"grasslandHerbaceous"
"3571","2017-07-05T15:45Z",2,160,"Y",2,0,0,47.144534,-99.231072,573.5,"grasslandHerbaceous"
"3572","2017-07-26T15:40Z",1,160,"Y",1,0,0,47.144534,-99.231072,573.5,"grasslandHerbaceous"
"3573","2018-05-10T22:28Z",3,160,"Y",4,0,0,47.144534,-99.231072,573.5,"grasslandHerbaceous"
"3574","2018-05-10T22:28Z",1,160,"Y",4,0,0,47.144534,-99.231072,573.5,"grasslandHerbaceous"
"3575","2018-05-31T18:45Z",8,160,"Y",15,0,0,47.144534,-99.231072,573.5,"grasslandHerbaceous"
"3576","2018-05-31T18:45Z",7,160,"Y",15,0,0,47.144534,-99.231072,573.5,"grasslandHerbaceous"
"3577","2018-06-20T18:37Z",1,168,"Y",2,0,0,47.144534,-99.231072,573.5,"grasslandHerbaceous"
"3578","2018-06-20T18:37Z",1,168,"Y",2,0,0,47.144534,-99.231072,573.5,"grasslandHerbaceous"
"3579","2015-06-30T14:30Z",1,160,"Y",1,0,NA,47.150784,-99.260836,586.1,"emergentHerbaceousWetlands"
"3580","2016-05-04T20:17Z",3,160,"Y",5,0,0,47.150784,-99.260836,586.1,"emergentHerbaceousWetlands"
"3581","2016-05-04T20:17Z",2,160,"Y",5,0,0,47.150784,-99.260836,586.1,"emergentHerbaceousWetlands"
"3582","2016-06-02T21:08Z",1,165,"Y",2,0,0,47.150784,-99.260836,586.1,"emergentHerbaceousWetlands"
"3583","2016-06-02T21:08Z",1,165,"Y",2,0,0,47.150784,-99.260836,586.1,"emergentHerbaceousWetlands"
"3584","2016-07-27T21:16Z",1,160,"Y",2,0,0,47.150784,-99.260836,586.1,"emergentHerbaceousWetlands"
"3585","2016-07-27T21:16Z",1,160,"Y",2,0,0,47.150784,-99.260836,586.1,"emergentHerbaceousWetlands"
"3586","2018-05-31T19:30Z",1,160,"Y",1,0,0,47.150784,-99.260836,586.1,"emergentHerbaceousWetlands"
"3587","2018-06-26T20:08Z",1,160,"Y",1,0,0,44.96191,-110.594615,1994.4,"shrubScrub"
